BEGIN;

-- PROVEEDOR
INSERT INTO proveedor (id_proveedor, nombre, email) OVERRIDING SYSTEM VALUE VALUES
(1,'Distribuidora La Económica','distribuidoralaeconomica@proveedores.com'),
(2,'Alimentos del Valle','alimentosdelvalle@proveedores.com'),
(3,'Bebidas Chapinas','bebidaschapinas@proveedores.com'),
(4,'Lácteos San José','lacteossanjose@proveedores.com'),
(5,'Panadería Central','panaderiacentral@proveedores.com'),
(6,'Granos de Guatemala','granosdeguatemala@proveedores.com'),
(7,'Limpieza Total','limpiezatotal@proveedores.com'),
(8,'Dulces Maya','dulcesmaya@proveedores.com'),
(9,'Carnes Premium','carnespremium@proveedores.com'),
(10,'Verduras Frescas','verdurasfrescas@proveedores.com'),
(11,'Frutas del Sur','frutasdelsur@proveedores.com'),
(12,'Importadora Global','importadoraglobal@proveedores.com'),
(13,'Abarrotes El Punto','abarroteselpunto@proveedores.com'),
(14,'Café Antigua','cafeantigua@proveedores.com'),
(15,'Higiene Hogar','higienehogar@proveedores.com'),
(16,'Snacks Express','snacksexpress@proveedores.com'),
(17,'Congelados Norte','congeladosnorte@proveedores.com'),
(18,'Huevos La Granja','huevoslagranja@proveedores.com'),
(19,'Pastas Roma','pastasroma@proveedores.com'),
(20,'FarmaciaCentral','farmaciacentral@proveedores.com'),
(21, 'Distribuidora del Sur', 'distribuidoradelsur@proveedores.com'),
(22, 'Importadora Central', 'importadoracentral@proveedores.com'),
(23, 'Congelados del Norte', 'congeladosdelnorte@proveedores.com'),
(24, 'Huevos La Granja', 'huevoslagranja@proveedores.com'),
(25, 'Pastas Roma', 'pastasroma@proveedores.com'),
(26, 'FarmaciaCentral', 'farmaciacentral@proveedores.com');

-- CATEGORIA
INSERT INTO categoria (id_categoria, nombre) OVERRIDING SYSTEM VALUE VALUES
(1,'Bebidas'),
(2,'Lácteos'),
(3,'Panadería'),
(4,'Granos'),
(5,'Limpieza'),
(6,'Dulces'),
(7,'Carnes'),
(8,'Verduras'),
(9,'Frutas'),
(10,'Abarrotes'),
(11,'Café'),
(12,'Higiene'),
(13,'Snacks'),
(14,'Congelados'),
(15,'Huevos'),
(16,'Pastas'),
(17,'Salsas'),
(18,'Tortillas'),
(19,'Mascotas'),
(20,'Farmacia'),
(21, 'Jugos'),
(22, 'Galletas'),
(23, 'Pescados'),
(24, 'Embutidos'),
(25, 'Vinos y licores');

-- EMPLEADO
INSERT INTO empleado (id_empleado, nombre) OVERRIDING SYSTEM VALUE VALUES
(1,'Carlos Méndez'),
(2,'Ana López'),
(3,'Luis García'),
(4,'María Pérez'),
(5,'José Ramírez'),
(6,'Andrea Castillo'),
(7,'Pablo Herrera'),
(8,'Sofía Morales'),
(9,'Diego Torres'),
(10,'Valeria Ruiz'),
(11,'Fernando Díaz'),
(12,'Gabriela Soto'),
(13,'Javier Molina'),
(14,'Camila Estrada'),
(15,'Ricardo Fuentes'),
(16,'Paola León'),
(17,'Manuel Cifuentes'),
(18,'Lucía Barrios'),
(19,'Oscar Aguilar'),
(20,'Daniela Reyes');
(21, 'Carlos Méndez'),
(22, 'Ana López'),
(23, 'Luis García'),
(24, 'María Pérez'),
(25, 'José Ramírez');

-- CLIENTE
INSERT INTO cliente (id_cliente, nombre, email) OVERRIDING SYSTEM VALUE VALUES
(1,'Juan Pérez','juanperez@email.com'),
(2,'María Castillo','mariacastillo@email.com'),
(3,'Luis Herrera','luisherrera@email.com'),
(4,'Ana Barrios','anabarrios@email.com'),
(5,'Pedro Navarro','pedronavarro@email.com'),
(6,'Sofía Vásquez','sofiavasquez@email.com'),
(7,'Carlos Martínez','carlosmartinez@email.com'),
(8,'Valeria Torres','valeriatorres@email.com'),
(9,'Jorge Vargas','jorgevargas@email.com'),
(10,'Camila Aguilar','camilaaguilar@email.com'),
(11,'Diego Cabrera','diegocabrera@email.com'),
(12,'Lucía Arévalo','luciaarevalo@email.com'),
(13,'Fernando Ramírez','fernandoramirez@email.com'),
(14,'Gabriela Gómez','gabrielagomez@email.com'),
(15,'Ricardo Fuentes','ricardofuentes@email.com'),
(16,'Paola Pineda','paolapineda@email.com'),
(17,'Manuel Mejía','manuelmejia@email.com'),
(18,'Natalia Luna','natalialuna@email.com'),
(19,'Oscar López','oscarlopez@email.com'),
(20,'Daniela Díaz','danieladiaz@email.com'),
(21,'Hugo León','hugoleon@email.com'),
(22,'Andrea Delgado','andreadelgado@email.com'),
(23,'Emilio Santos','emiliosantos@email.com'),
(24,'Laura González','lauragonzalez@email.com'),
(25,'Kevin Morales','kevinmorales@email.com'),
(26,'Rodrigo Estrada','rodrigoestrada@email.com'),
(27,'Fernanda Chacón','fernandachacon@email.com'),
(28,'Mateo Ortiz','mateoortiz@email.com'),
(29,'Isabella Gálvez','isabellagalvez@email.com'),
(30,'Andrés Rodríguez','andresrodriguez@email.com'),
(31,'Elena Ruiz','elenaruiz@email.com'),
(32,'Samuel Reyes','samuelreyes@email.com'),
(33,'Patricia Monzón','patriciamonzon@email.com'),
(34,'Sebastián Flores','sebastianflores@email.com'),
(35,'Alejandra Escobar','alejandraescobar@email.com'),
(36,'Miguel Hernández','miguelhernandez@email.com'),
(37,'Claudia Soto','claudiasoto@email.com'),
(38,'Raúl Molina','raulmolina@email.com'),
(39,'Victoria Cifuentes','victoriacifuentes@email.com'),
(40,'Brenda Rojas','brendarojas@email.com'),
(41,'Ángel Pérez','angelperez@email.com'),
(42,'Renata Castillo','renatacastillo@email.com'),
(43,'Mauricio Herrera','mauricioherrera@email.com'),
(44,'Carmen Barrios','carmenbarrios@email.com'),
(45,'Diana Navarro','diananavarro@email.com'),
(46,'Esteban Vásquez','estebanvasquez@email.com'),
(47,'Adriana Martínez','adrianamartinez@email.com'),
(48,'Pablo Torres','pablotorres@email.com'),
(49,'Rosa Vargas','rosavargas@email.com'),
(50,'Mario Aguilar','marioaguilar@email.com'),
(51,'Juan Cabrera','juancabrera@email.com'),
(52,'María Arévalo','mariaarevalo@email.com'),
(53,'Luis Ramírez','luisramirez@email.com'),
(54,'Ana Gómez','anagomez@email.com'),
(55,'Pedro Fuentes','pedrofuentes@email.com'),
(56,'Sofía Pineda','sofiapineda@email.com'),
(57,'Carlos Mejía','carlosmejia@email.com'),
(58,'Valeria Luna','valerialuna@email.com'),
(59,'Jorge López','jorgelopez@email.com'),
(60,'Camila Díaz','camiladiaz@email.com'),
(61,'Diego León','diegoleon@email.com'),
(62,'Lucía Delgado','luciadelgado@email.com'),
(63,'Fernando Santos','fernandosantos@email.com'),
(64,'Gabriela González','gabrielagonzalez@email.com'),
(65,'Ricardo Morales','ricardomorales@email.com'),
(66,'Paola Estrada','paolaestrada@email.com'),
(67,'Manuel Chacón','manuelchacon@email.com'),
(68,'Natalia Ortiz','nataliaortiz@email.com'),
(69,'Oscar Gálvez','oscargalvez@email.com'),
(70,'Daniela Rodríguez','danielarodriguez@email.com'),
(71,'Hugo Ruiz','hugoruiz@email.com'),
(72,'Andrea Reyes','andreareyes@email.com'),
(73,'Emilio Monzón','emiliomonzon@email.com'),
(74,'Laura Flores','lauraflores@email.com'),
(75,'Kevin Escobar','kevinescobar@email.com'),
(76,'Rodrigo Hernández','rodrigohernandez@email.com'),
(77,'Fernanda Soto','fernandasoto@email.com'),
(78,'Mateo Molina','mateomolina@email.com'),
(79,'Isabella Cifuentes','isabellacifuentes@email.com'),
(80,'Andrés Rojas','andresrojas@email.com'),
(81,'Elena Pérez','elenaperez@email.com'),
(82,'Samuel Castillo','samuelcastillo@email.com'),
(83,'Patricia Herrera','patriciaherrera@email.com'),
(84,'Sebastián Barrios','sebastianbarrios@email.com'),
(85,'Alejandra Navarro','alejandranavarro@email.com'),
(86,'Miguel Vásquez','miguelvasquez@email.com'),
(87,'Claudia Martínez','claudiamartinez@email.com'),
(88,'Raúl Torres','raultorres@email.com'),
(89,'Victoria Vargas','victoriavargas@email.com'),
(90,'Brenda Aguilar','brendaaguilar@email.com'),
(91,'Ángel Cabrera','angelcabrera@email.com'),
(92,'Renata Arévalo','renataarevalo@email.com'),
(93,'Mauricio Ramírez','mauricioramirez@email.com'),
(94,'Carmen Gómez','carmengomez@email.com'),
(95,'Diana Fuentes','dianafuentes@email.com');

-- PRODUCTO
INSERT INTO producto (id_producto, id_proveedor, nombre, unidades_disponibles, precio_venta, precio_compra, id_categoria) OVERRIDING SYSTEM VALUE VALUES
(1,3,'Agua pura 600ml',198,4.00,2.50,1),
(2,3,'Gaseosa cola 600ml',63,7.50,5.00,1),
(3,3,'Jugo naranja 1L',41,16.00,10.25,1),
(4,4,'Leche entera 1L',105,12.00,8.50,2),
(5,4,'Yogurt fresa 250ml',97,6.50,4.25,2),
(6,4,'Queso fresco 400g',92,32.00,24.50,2),
(7,5,'Pan francés unidad',70,1.00,0.55,3),
(8,5,'Pan dulce unidad',61,2.00,1.20,3),
(9,5,'Pan tostado integral',208,22.00,15.00,3),
(10,6,'Arroz blanco 1lb',174,8.00,5.75,4),
(11,6,'Frijol negro 1lb',57,9.50,6.80,4),
(12,6,'Maíz blanco 1lb',186,7.00,4.80,4),
(13,7,'Detergente 500g',143,18.00,12.00,5),
(14,7,'Cloro 1L',43,10.00,6.25,5),
(15,7,'Jabón lavaplatos 500ml',42,17.50,11.75,5),
(16,8,'Chocolate pequeño',58,3.50,2.00,6),
(17,8,'Dulces surtidos bolsa',90,10.00,6.50,6),
(18,9,'Carne molida 1lb',94,32.00,24.00,7),
(19,9,'Pollo entero libra',164,18.00,13.00,7),
(20,10,'Tomate libra',189,6.00,3.75,8),
(21,10,'Cebolla libra',41,5.50,3.20,8),
(22,10,'Papa libra',178,5.00,3.00,8),
(23,11,'Manzana unidad',85,4.50,2.80,9),
(24,11,'Banano libra',218,4.00,2.50,9),
(25,11,'Naranja unidad',201,3.00,1.75,9),
(26,2,'Aceite vegetal 1L',214,24.75,18.50,10),
(27,2,'Azúcar 5lb',174,29.00,21.00,10),
(28,13,'Sal yodada 1lb',142,4.25,2.50,10),
(29,14,'Café molido 400g',91,38.00,28.00,11),
(30,14,'Café instantáneo 200g',149,42.00,31.00,11),
(31,15,'Papel higiénico 4 rollos',185,22.00,15.50,12),
(32,15,'Shampoo 400ml',106,34.00,23.00,12),
(33,15,'Pasta dental 100ml',36,18.00,11.50,12),
(34,16,'Papas fritas bolsa',75,8.50,5.50,13),
(35,16,'Galletas chocolate',213,12.50,7.75,13),
(36,12,'Cereal familiar',143,41.00,31.00,13),
(37,17,'Pizza congelada',122,45.00,33.00,14),
(38,17,'Verduras mixtas congeladas',106,26.00,18.00,14),
(39,18,'Cartón de huevos',74,36.00,27.00,15),
(40,18,'Huevo unidad',90,1.50,1.00,15),
(41,19,'Pasta spaghetti 400g',121,11.00,7.00,16),
(42,19,'Pasta coditos 400g',61,11.50,7.25,16),
(43,20,'Salsa de tomate 400g',58,9.00,5.75,17),
(44,20,'Mayonesa 400g',132,24.00,17.00,17),
(45,1,'Tortillas paquete',59,7.00,4.50,18),
(46,1,'Tostadas paquete',126,9.00,5.80,18),
(47,12,'Comida para perro 2kg',123,55.00,40.00,19),
(48,12,'Comida para gato 1kg',189,38.00,27.00,19),
(49,20,'Alcohol gel 250ml',102,16.00,10.50,20),
(50,20,'Acetaminofén caja',46,12.00,7.80,20),
(51,4,'Atún enlatado',137,14.00,9.52,4),
(52,7,'Sardinas lata',157,13.50,9.18,5),
(53,10,'Consomé pollo',51,5.25,3.57,6),
(54,13,'Canela molida',116,6.75,4.59,7),
(55,16,'Harina de trigo',40,12.00,8.16,8),
(56,19,'Harina de maíz',161,11.00,7.48,9),
(57,2,'Miel natural',95,35.00,23.80,10),
(58,5,'Avena integral',180,18.50,12.58,11),
(59,8,'Té negro caja',178,16.00,10.88,12),
(60,11,'Té manzanilla',112,15.50,10.54,13),
(61,14,'Mantequilla 200g',167,21.00,14.28,14),
(62,17,'Crema 250ml',69,10.50,7.14,15),
(63,20,'Jamón libra',37,28.00,19.04,16),
(64,3,'Salchicha paquete',31,19.00,12.92,17),
(65,6,'Lechuga unidad',78,7.00,4.76,18),
(66,9,'Zanahoria libra',94,5.75,3.91,19),
(67,12,'Pera unidad',40,5.00,3.40,20),
(68,15,'Sandía libra',79,3.50,2.38,1),
(69,18,'Desinfectante 1L',45,21.00,14.28,2),
(70,1,'Suavizante ropa',117,25.00,17.00,3),
(71,4,'Toallas húmedas',91,14.50,9.86,4),
(72,7,'Desodorante roll-on',136,23.00,15.64,5),
(73,10,'Nachos bolsa',113,11.00,7.48,6),
(74,13,'Chicharrones bolsa',61,9.50,6.46,7),
(75,16,'Helado vainilla 1L',114,39.00,26.52,8),
(76,19,'Nuggets congelados',110,31.00,21.08,9),
(77,2,'Huevos codorniz docena',73,24.00,16.32,10),
(78,5,'Macarrones 400g',88,12.00,8.16,11),
(79,8,'Salsa picante',38,10.00,6.80,12),
(80,11,'Ketchup 400g',175,17.00,11.56,13);

-- VENTA
INSERT INTO venta (id_venta, id_empleado, id_cliente, fecha, total) OVERRIDING SYSTEM VALUE VALUES
(1,8,12,'2026-04-04 08:00',141.50),
(2,15,23,'2026-04-05 11:07',90.25),
(3,2,34,'2026-04-06 14:14',56.00),
(4,9,45,'2026-04-07 17:21',131.00),
(5,16,56,'2026-04-08 20:28',193.00),
(6,3,67,'2026-04-09 10:35',110.00),
(7,10,78,'2026-04-10 13:42',165.25),
(8,17,89,'2026-04-11 16:49',240.50),
(9,4,5,'2026-04-12 19:56',115.00),
(10,11,16,'2026-04-13 09:03',69.50),
(11,18,27,'2026-04-14 12:10',206.00),
(12,5,38,'2026-04-15 15:17',95.50),
(13,12,49,'2026-04-16 18:24',202.00),
(14,19,60,'2026-04-17 08:31',90.50),
(15,6,71,'2026-04-18 11:38',140.00),
(16,13,82,'2026-04-19 14:45',135.50),
(17,20,93,'2026-04-20 17:52',246.50),
(18,7,9,'2026-04-21 20:59',59.75),
(19,14,20,'2026-04-22 10:06',89.00),
(20,1,31,'2026-04-23 13:13',246.00),
(21,8,42,'2026-04-24 16:20',98.75),
(22,15,53,'2026-04-25 19:27',177.50),
(23,2,64,'2026-04-26 09:34',172.25),
(24,9,75,'2026-04-27 12:41',98.00),
(25,16,86,'2026-04-28 15:48',139.00),
(26,3,2,'2026-04-29 18:55',177.50),
(27,10,13,'2026-04-30 08:02',71.00),
(28,17,24,'2026-05-01 11:09',168.00),
(29,4,35,'2026-05-02 14:16',155.00),
(30,11,46,'2026-05-03 17:23',47.00),
(31,18,57,'2026-04-04 08:41',286.00),
(32,5,68,'2026-04-05 11:48',230.50),
(33,12,79,'2026-04-06 14:55',39.50),
(34,19,90,'2026-04-07 17:02',70.25),
(35,6,6,'2026-04-08 20:09',155.00),
(36,13,17,'2026-04-09 10:16',137.00),
(37,20,28,'2026-04-10 13:23',88.75),
(38,7,39,'2026-04-11 16:30',189.50),
(39,14,50,'2026-04-12 19:37',96.25),
(40,1,61,'2026-04-13 09:44',162.50),
(41,8,72,'2026-04-14 12:51',218.00),
(42,15,83,'2026-04-15 15:58',64.50),
(43,2,94,'2026-04-16 18:05',129.00),
(44,9,10,'2026-04-17 08:12',193.50),
(45,16,21,'2026-04-18 11:19',51.00),
(46,3,32,'2026-04-19 14:26',58.50),
(47,10,43,'2026-04-20 17:33',304.00),
(48,17,54,'2026-04-21 20:40',90.00),
(49,4,65,'2026-04-22 10:47',141.50),
(50,11,76,'2026-04-23 13:54',90.25),
(51,18,87,'2026-04-24 16:01',56.00),
(52,5,3,'2026-04-25 19:08',131.00),
(53,12,14,'2026-04-26 09:15',193.00),
(54,19,25,'2026-04-27 12:22',110.00),
(55,6,36,'2026-04-28 15:29',165.25),
(56,13,47,'2026-04-29 18:36',240.50),
(57,20,58,'2026-04-30 08:43',115.00),
(58,7,69,'2026-05-01 11:50',69.50),
(59,14,80,'2026-05-02 14:57',206.00),
(60,1,91,'2026-05-03 17:04',95.50),
(61,8,7,'2026-04-04 08:22',202.00),
(62,15,18,'2026-04-05 11:29',90.50),
(63,2,29,'2026-04-06 14:36',140.00),
(64,9,40,'2026-04-07 17:43',135.50),
(65,16,51,'2026-04-08 20:50',246.50),
(66,3,62,'2026-04-09 10:57',59.75),
(67,10,73,'2026-04-10 13:04',89.00),
(68,17,84,'2026-04-11 16:11',246.00),
(69,4,95,'2026-04-12 19:18',98.75),
(70,11,11,'2026-04-13 09:25',177.50),
(71,18,22,'2026-04-14 12:32',172.25),
(72,5,33,'2026-04-15 15:39',98.00),
(73,12,44,'2026-04-16 18:46',139.00),
(74,19,55,'2026-04-17 08:53',177.50),
(75,6,66,'2026-04-18 11:00',71.00),
(76,13,77,'2026-04-19 14:07',168.00),
(77,20,88,'2026-04-20 17:14',155.00),
(78,7,4,'2026-04-21 20:21',47.00),
(79,14,15,'2026-04-22 10:28',286.00),
(80,1,26,'2026-04-23 13:35',230.50),
(81,8,37,'2026-04-24 16:42',39.50),
(82,15,48,'2026-04-25 19:49',70.25),
(83,2,59,'2026-04-26 09:56',155.00),
(84,9,70,'2026-04-27 12:03',137.00),
(85,16,81,'2026-04-28 15:10',88.75),
(86,3,92,'2026-04-29 18:17',189.50),
(87,10,8,'2026-04-30 08:24',96.25),
(88,17,19,'2026-05-01 11:31',162.50),
(89,4,30,'2026-05-02 14:38',218.00),
(90,11,41,'2026-05-03 17:45',64.50),
(91,18,52,'2026-04-04 08:03',129.00),
(92,5,63,'2026-04-05 11:10',193.50),
(93,12,74,'2026-04-06 14:17',51.00),
(94,19,85,'2026-04-07 17:24',58.50),
(95,6,1,'2026-04-08 20:31',304.00),
(96,13,12,'2026-04-09 10:38',90.00),
(97,20,23,'2026-04-10 13:45',141.50),
(98,7,34,'2026-04-11 16:52',90.25),
(99,14,45,'2026-04-12 19:59',56.00),
(100,1,56,'2026-04-13 09:06',131.00),
(101,8,67,'2026-04-14 12:13',193.00),
(102,15,78,'2026-04-15 15:20',110.00),
(103,2,89,'2026-04-16 18:27',165.25),
(104,9,5,'2026-04-17 08:34',240.50),
(105,16,16,'2026-04-18 11:41',115.00),
(106,3,27,'2026-04-19 14:48',69.50),
(107,10,38,'2026-04-20 17:55',206.00),
(108,17,49,'2026-04-21 20:02',95.50),
(109,4,60,'2026-04-22 10:09',202.00),
(110,11,71,'2026-04-23 13:16',90.50),
(111,18,82,'2026-04-24 16:23',140.00),
(112,5,93,'2026-04-25 19:30',135.50),
(113,12,9,'2026-04-26 09:37',246.50),
(114,19,20,'2026-04-27 12:44',59.75),
(115,6,31,'2026-04-28 15:51',89.00),
(116,13,42,'2026-04-29 18:58',246.00),
(117,20,53,'2026-04-30 08:05',98.75),
(118,7,64,'2026-05-01 11:12',177.50),
(119,14,75,'2026-05-02 14:19',172.25),
(120,1,86,'2026-05-03 17:26',98.00),
(121,8,2,'2026-04-04 08:44',139.00),
(122,15,13,'2026-04-05 11:51',177.50),
(123,2,24,'2026-04-06 14:58',71.00),
(124,9,35,'2026-04-07 17:05',168.00),
(125,16,46,'2026-04-08 20:12',155.00),
(126,3,57,'2026-04-09 10:19',47.00),
(127,10,68,'2026-04-10 13:26',286.00),
(128,17,79,'2026-04-11 16:33',230.50),
(129,4,90,'2026-04-12 19:40',39.50),
(130,11,6,'2026-04-13 09:47',70.25),
(131,18,17,'2026-04-14 12:54',155.00),
(132,5,28,'2026-04-15 15:01',137.00),
(133,12,39,'2026-04-16 18:08',88.75),
(134,19,50,'2026-04-17 08:15',189.50),
(135,6,61,'2026-04-18 11:22',96.25),
(136,13,72,'2026-04-19 14:29',162.50),
(137,20,83,'2026-04-20 17:36',218.00),
(138,7,94,'2026-04-21 20:43',64.50),
(139,14,10,'2026-04-22 10:50',129.00),
(140,1,21,'2026-04-23 13:57',193.50),
(141,8,32,'2026-04-24 16:04',51.00),
(142,15,43,'2026-04-25 19:11',58.50),
(143,2,54,'2026-04-26 09:18',304.00),
(144,9,65,'2026-04-27 12:25',90.00),
(145,16,76,'2026-04-28 15:32',141.50),
(146,3,87,'2026-04-29 18:39',90.25),
(147,10,3,'2026-04-30 08:46',56.00),
(148,17,14,'2026-05-01 11:53',131.00),
(149,4,25,'2026-05-02 14:00',193.00),
(150,11,36,'2026-05-03 17:07',110.00),
(151,18,47,'2026-04-04 08:25',165.25),
(152,5,58,'2026-04-05 11:32',240.50),
(153,12,69,'2026-04-06 14:39',115.00),
(154,19,80,'2026-04-07 17:46',69.50),
(155,6,91,'2026-04-08 20:53',206.00),
(156,13,7,'2026-04-09 10:00',95.50),
(157,20,18,'2026-04-10 13:07',202.00),
(158,7,29,'2026-04-11 16:14',90.50),
(159,14,40,'2026-04-12 19:21',140.00),
(160,1,51,'2026-04-13 09:28',135.50);

-- DETALLE_VENTA
INSERT INTO detalle_venta (id_venta, id_producto, precio_unitario, cantidad) VALUES
(1,6,32.00,2),
(1,23,4.50,1),
(1,40,1.50,2),
(1,57,35.00,2),
(2,11,9.50,2),
(2,28,4.25,3),
(2,45,7.00,4),
(2,62,10.50,1),
(2,79,10.00,2),
(3,16,3.50,4),
(3,33,18.00,1),
(3,50,12.00,2),
(4,21,5.50,2),
(4,38,26.00,1),
(4,55,12.00,4),
(4,72,23.00,2),
(5,26,24.75,2),
(5,43,9.00,1),
(5,60,15.50,3),
(5,77,24.00,2),
(5,14,10.00,4),
(6,31,22.00,2),
(6,48,38.00,1),
(6,65,7.00,4),
(7,36,41.00,2),
(7,53,5.25,1),
(7,70,25.00,3),
(7,7,1.00,3),
(8,41,11.00,2),
(8,58,18.50,1),
(8,75,39.00,3),
(8,12,7.00,1),
(8,29,38.00,2),
(9,46,9.00,4),
(9,63,28.00,1),
(9,80,17.00,3),
(10,51,14.00,2),
(10,68,3.50,3),
(10,5,6.50,4),
(10,22,5.00,1),
(11,56,11.00,4),
(11,73,11.00,1),
(11,10,8.00,2),
(11,27,29.00,3),
(11,44,24.00,2),
(12,61,21.00,2),
(12,78,12.00,3),
(12,15,17.50,1),
(13,66,5.75,4),
(13,3,16.00,2),
(13,20,6.00,2),
(13,37,45.00,3),
(14,71,14.50,2),
(14,8,2.00,3),
(14,25,3.00,4),
(14,42,11.50,1),
(14,59,16.00,2),
(15,76,31.00,2),
(15,13,18.00,2),
(15,30,42.00,1),
(16,1,4.00,2),
(16,18,32.00,2),
(16,35,12.50,4),
(16,52,13.50,1),
(17,6,32.00,3),
(17,23,4.50,1),
(17,40,1.50,2),
(17,57,35.00,3),
(17,74,9.50,4),
(18,11,9.50,2),
(18,28,4.25,3),
(18,45,7.00,4),
(19,16,3.50,4),
(19,33,18.00,2),
(19,50,12.00,2),
(19,67,5.00,3),
(20,21,5.50,2),
(20,38,26.00,2),
(20,55,12.00,4),
(20,72,23.00,3),
(20,9,22.00,3),
(21,26,24.75,3),
(21,43,9.00,1),
(21,60,15.50,1),
(22,31,22.00,3),
(22,48,38.00,2),
(22,65,7.00,4),
(22,2,7.50,1),
(23,36,41.00,3),
(23,53,5.25,1),
(23,70,25.00,1),
(23,7,1.00,3),
(23,24,4.00,4),
(24,41,11.00,2),
(24,58,18.50,2),
(24,75,39.00,1),
(25,46,9.00,4),
(25,63,28.00,2),
(25,80,17.00,1),
(25,17,10.00,3),
(26,51,14.00,2),
(26,68,3.50,3),
(26,5,6.50,4),
(26,22,5.00,1),
(26,39,36.00,3),
(27,56,11.00,4),
(27,73,11.00,1),
(27,10,8.00,2),
(28,61,21.00,3),
(28,78,12.00,3),
(28,15,17.50,2),
(28,32,34.00,1),
(29,66,5.75,4),
(29,3,16.00,3),
(29,20,6.00,2),
(29,37,45.00,1),
(29,54,6.75,4),
(30,71,14.50,2),
(30,8,2.00,3),
(30,25,3.00,4),
(31,76,31.00,3),
(31,13,18.00,3),
(31,30,42.00,2),
(31,47,55.00,1),
(32,1,4.00,2),
(32,18,32.00,3),
(32,35,12.50,4),
(32,52,13.50,1),
(32,69,21.00,3),
(33,6,32.00,1),
(33,23,4.50,1),
(33,40,1.50,2),
(34,11,9.50,2),
(34,28,4.25,3),
(34,45,7.00,4),
(34,62,10.50,1),
(35,16,3.50,4),
(35,33,18.00,3),
(35,50,12.00,2),
(35,67,5.00,3),
(35,4,12.00,4),
(36,21,5.50,2),
(36,38,26.00,3),
(36,55,12.00,4),
(37,26,24.75,1),
(37,43,9.00,1),
(37,60,15.50,2),
(37,77,24.00,1),
(38,31,22.00,1),
(38,48,38.00,3),
(38,65,7.00,4),
(38,2,7.50,1),
(38,19,18.00,1),
(39,36,41.00,1),
(39,53,5.25,1),
(39,70,25.00,2),
(40,41,11.00,2),
(40,58,18.50,3),
(40,75,39.00,2),
(40,12,7.00,1),
(41,46,9.00,4),
(41,63,28.00,3),
(41,80,17.00,2),
(41,17,10.00,3),
(41,34,8.50,4),
(42,51,14.00,2),
(42,68,3.50,3),
(42,5,6.50,4),
(43,56,11.00,4),
(43,73,11.00,1),
(43,10,8.00,2),
(43,27,29.00,2),
(44,61,21.00,1),
(44,78,12.00,3),
(44,15,17.50,3),
(44,32,34.00,2),
(44,49,16.00,1),
(45,66,5.75,4),
(45,3,16.00,1),
(45,20,6.00,2),
(46,71,14.50,2),
(46,8,2.00,3),
(46,25,3.00,4),
(46,42,11.50,1),
(47,76,31.00,1),
(47,13,18.00,1),
(47,30,42.00,3),
(47,47,55.00,2),
(47,64,19.00,1),
(48,1,4.00,2),
(48,18,32.00,1),
(48,35,12.50,4),
(49,6,32.00,2),
(49,23,4.50,1),
(49,40,1.50,2),
(49,57,35.00,2),
(50,11,9.50,2),
(50,28,4.25,3),
(50,45,7.00,4),
(50,62,10.50,1),
(50,79,10.00,2),
(51,16,3.50,4),
(51,33,18.00,1),
(51,50,12.00,2),
(52,21,5.50,2),
(52,38,26.00,1),
(52,55,12.00,4),
(52,72,23.00,2),
(53,26,24.75,2),
(53,43,9.00,1),
(53,60,15.50,3),
(53,77,24.00,2),
(53,14,10.00,4),
(54,31,22.00,2),
(54,48,38.00,1),
(54,65,7.00,4),
(55,36,41.00,2),
(55,53,5.25,1),
(55,70,25.00,3),
(55,7,1.00,3),
(56,41,11.00,2),
(56,58,18.50,1),
(56,75,39.00,3),
(56,12,7.00,1),
(56,29,38.00,2),
(57,46,9.00,4),
(57,63,28.00,1),
(57,80,17.00,3),
(58,51,14.00,2),
(58,68,3.50,3),
(58,5,6.50,4),
(58,22,5.00,1),
(59,56,11.00,4),
(59,73,11.00,1),
(59,10,8.00,2),
(59,27,29.00,3),
(59,44,24.00,2),
(60,61,21.00,2),
(60,78,12.00,3),
(60,15,17.50,1),
(61,66,5.75,4),
(61,3,16.00,2),
(61,20,6.00,2),
(61,37,45.00,3),
(62,71,14.50,2),
(62,8,2.00,3),
(62,25,3.00,4),
(62,42,11.50,1),
(62,59,16.00,2),
(63,76,31.00,2),
(63,13,18.00,2),
(63,30,42.00,1),
(64,1,4.00,2),
(64,18,32.00,2),
(64,35,12.50,4),
(64,52,13.50,1),
(65,6,32.00,3),
(65,23,4.50,1),
(65,40,1.50,2),
(65,57,35.00,3),
(65,74,9.50,4),
(66,11,9.50,2),
(66,28,4.25,3),
(66,45,7.00,4),
(67,16,3.50,4),
(67,33,18.00,2),
(67,50,12.00,2),
(67,67,5.00,3),
(68,21,5.50,2),
(68,38,26.00,2),
(68,55,12.00,4),
(68,72,23.00,3),
(68,9,22.00,3),
(69,26,24.75,3),
(69,43,9.00,1),
(69,60,15.50,1),
(70,31,22.00,3),
(70,48,38.00,2),
(70,65,7.00,4),
(70,2,7.50,1),
(71,36,41.00,3),
(71,53,5.25,1),
(71,70,25.00,1),
(71,7,1.00,3),
(71,24,4.00,4),
(72,41,11.00,2),
(72,58,18.50,2),
(72,75,39.00,1),
(73,46,9.00,4),
(73,63,28.00,2),
(73,80,17.00,1),
(73,17,10.00,3),
(74,51,14.00,2),
(74,68,3.50,3),
(74,5,6.50,4),
(74,22,5.00,1),
(74,39,36.00,3),
(75,56,11.00,4),
(75,73,11.00,1),
(75,10,8.00,2),
(76,61,21.00,3),
(76,78,12.00,3),
(76,15,17.50,2),
(76,32,34.00,1),
(77,66,5.75,4),
(77,3,16.00,3),
(77,20,6.00,2),
(77,37,45.00,1),
(77,54,6.75,4),
(78,71,14.50,2),
(78,8,2.00,3),
(78,25,3.00,4),
(79,76,31.00,3),
(79,13,18.00,3),
(79,30,42.00,2),
(79,47,55.00,1),
(80,1,4.00,2),
(80,18,32.00,3),
(80,35,12.50,4),
(80,52,13.50,1),
(80,69,21.00,3),
(81,6,32.00,1),
(81,23,4.50,1),
(81,40,1.50,2),
(82,11,9.50,2),
(82,28,4.25,3),
(82,45,7.00,4),
(82,62,10.50,1),
(83,16,3.50,4),
(83,33,18.00,3),
(83,50,12.00,2),
(83,67,5.00,3),
(83,4,12.00,4),
(84,21,5.50,2),
(84,38,26.00,3),
(84,55,12.00,4),
(85,26,24.75,1),
(85,43,9.00,1),
(85,60,15.50,2),
(85,77,24.00,1),
(86,31,22.00,1),
(86,48,38.00,3),
(86,65,7.00,4),
(86,2,7.50,1),
(86,19,18.00,1),
(87,36,41.00,1),
(87,53,5.25,1),
(87,70,25.00,2),
(88,41,11.00,2),
(88,58,18.50,3),
(88,75,39.00,2),
(88,12,7.00,1),
(89,46,9.00,4),
(89,63,28.00,3),
(89,80,17.00,2),
(89,17,10.00,3),
(89,34,8.50,4),
(90,51,14.00,2),
(90,68,3.50,3),
(90,5,6.50,4),
(91,56,11.00,4),
(91,73,11.00,1),
(91,10,8.00,2),
(91,27,29.00,2),
(92,61,21.00,1),
(92,78,12.00,3),
(92,15,17.50,3),
(92,32,34.00,2),
(92,49,16.00,1),
(93,66,5.75,4),
(93,3,16.00,1),
(93,20,6.00,2),
(94,71,14.50,2),
(94,8,2.00,3),
(94,25,3.00,4),
(94,42,11.50,1),
(95,76,31.00,1),
(95,13,18.00,1),
(95,30,42.00,3),
(95,47,55.00,2),
(95,64,19.00,1),
(96,1,4.00,2),
(96,18,32.00,1),
(96,35,12.50,4),
(97,6,32.00,2),
(97,23,4.50,1),
(97,40,1.50,2),
(97,57,35.00,2),
(98,11,9.50,2),
(98,28,4.25,3),
(98,45,7.00,4),
(98,62,10.50,1),
(98,79,10.00,2),
(99,16,3.50,4),
(99,33,18.00,1),
(99,50,12.00,2),
(100,21,5.50,2),
(100,38,26.00,1),
(100,55,12.00,4),
(100,72,23.00,2),
(101,26,24.75,2),
(101,43,9.00,1),
(101,60,15.50,3),
(101,77,24.00,2),
(101,14,10.00,4),
(102,31,22.00,2),
(102,48,38.00,1),
(102,65,7.00,4),
(103,36,41.00,2),
(103,53,5.25,1),
(103,70,25.00,3),
(103,7,1.00,3),
(104,41,11.00,2),
(104,58,18.50,1),
(104,75,39.00,3),
(104,12,7.00,1),
(104,29,38.00,2),
(105,46,9.00,4),
(105,63,28.00,1),
(105,80,17.00,3),
(106,51,14.00,2),
(106,68,3.50,3),
(106,5,6.50,4),
(106,22,5.00,1),
(107,56,11.00,4),
(107,73,11.00,1),
(107,10,8.00,2),
(107,27,29.00,3),
(107,44,24.00,2),
(108,61,21.00,2),
(108,78,12.00,3),
(108,15,17.50,1),
(109,66,5.75,4),
(109,3,16.00,2),
(109,20,6.00,2),
(109,37,45.00,3),
(110,71,14.50,2),
(110,8,2.00,3),
(110,25,3.00,4),
(110,42,11.50,1),
(110,59,16.00,2),
(111,76,31.00,2),
(111,13,18.00,2),
(111,30,42.00,1),
(112,1,4.00,2),
(112,18,32.00,2),
(112,35,12.50,4),
(112,52,13.50,1),
(113,6,32.00,3),
(113,23,4.50,1),
(113,40,1.50,2),
(113,57,35.00,3),
(113,74,9.50,4),
(114,11,9.50,2),
(114,28,4.25,3),
(114,45,7.00,4),
(115,16,3.50,4),
(115,33,18.00,2),
(115,50,12.00,2),
(115,67,5.00,3),
(116,21,5.50,2),
(116,38,26.00,2),
(116,55,12.00,4),
(116,72,23.00,3),
(116,9,22.00,3),
(117,26,24.75,3),
(117,43,9.00,1),
(117,60,15.50,1),
(118,31,22.00,3),
(118,48,38.00,2),
(118,65,7.00,4),
(118,2,7.50,1),
(119,36,41.00,3),
(119,53,5.25,1),
(119,70,25.00,1),
(119,7,1.00,3),
(119,24,4.00,4),
(120,41,11.00,2),
(120,58,18.50,2),
(120,75,39.00,1),
(121,46,9.00,4),
(121,63,28.00,2),
(121,80,17.00,1),
(121,17,10.00,3),
(122,51,14.00,2),
(122,68,3.50,3),
(122,5,6.50,4),
(122,22,5.00,1),
(122,39,36.00,3),
(123,56,11.00,4),
(123,73,11.00,1),
(123,10,8.00,2),
(124,61,21.00,3),
(124,78,12.00,3),
(124,15,17.50,2),
(124,32,34.00,1),
(125,66,5.75,4),
(125,3,16.00,3),
(125,20,6.00,2),
(125,37,45.00,1),
(125,54,6.75,4),
(126,71,14.50,2),
(126,8,2.00,3),
(126,25,3.00,4),
(127,76,31.00,3),
(127,13,18.00,3),
(127,30,42.00,2),
(127,47,55.00,1),
(128,1,4.00,2),
(128,18,32.00,3),
(128,35,12.50,4),
(128,52,13.50,1),
(128,69,21.00,3),
(129,6,32.00,1),
(129,23,4.50,1),
(129,40,1.50,2),
(130,11,9.50,2),
(130,28,4.25,3),
(130,45,7.00,4),
(130,62,10.50,1),
(131,16,3.50,4),
(131,33,18.00,3),
(131,50,12.00,2),
(131,67,5.00,3),
(131,4,12.00,4),
(132,21,5.50,2),
(132,38,26.00,3),
(132,55,12.00,4),
(133,26,24.75,1),
(133,43,9.00,1),
(133,60,15.50,2),
(133,77,24.00,1),
(134,31,22.00,1),
(134,48,38.00,3),
(134,65,7.00,4),
(134,2,7.50,1),
(134,19,18.00,1),
(135,36,41.00,1),
(135,53,5.25,1),
(135,70,25.00,2),
(136,41,11.00,2),
(136,58,18.50,3),
(136,75,39.00,2),
(136,12,7.00,1),
(137,46,9.00,4),
(137,63,28.00,3),
(137,80,17.00,2),
(137,17,10.00,3),
(137,34,8.50,4),
(138,51,14.00,2),
(138,68,3.50,3),
(138,5,6.50,4),
(139,56,11.00,4),
(139,73,11.00,1),
(139,10,8.00,2),
(139,27,29.00,2),
(140,61,21.00,1),
(140,78,12.00,3),
(140,15,17.50,3),
(140,32,34.00,2),
(140,49,16.00,1),
(141,66,5.75,4),
(141,3,16.00,1),
(141,20,6.00,2),
(142,71,14.50,2),
(142,8,2.00,3),
(142,25,3.00,4),
(142,42,11.50,1),
(143,76,31.00,1),
(143,13,18.00,1),
(143,30,42.00,3),
(143,47,55.00,2),
(143,64,19.00,1),
(144,1,4.00,2),
(144,18,32.00,1),
(144,35,12.50,4),
(145,6,32.00,2),
(145,23,4.50,1),
(145,40,1.50,2),
(145,57,35.00,2),
(146,11,9.50,2),
(146,28,4.25,3),
(146,45,7.00,4),
(146,62,10.50,1),
(146,79,10.00,2),
(147,16,3.50,4),
(147,33,18.00,1),
(147,50,12.00,2),
(148,21,5.50,2),
(148,38,26.00,1),
(148,55,12.00,4),
(148,72,23.00,2),
(149,26,24.75,2),
(149,43,9.00,1),
(149,60,15.50,3),
(149,77,24.00,2),
(149,14,10.00,4),
(150,31,22.00,2),
(150,48,38.00,1),
(150,65,7.00,4),
(151,36,41.00,2),
(151,53,5.25,1),
(151,70,25.00,3),
(151,7,1.00,3),
(152,41,11.00,2),
(152,58,18.50,1),
(152,75,39.00,3),
(152,12,7.00,1),
(152,29,38.00,2),
(153,46,9.00,4),
(153,63,28.00,1),
(153,80,17.00,3),
(154,51,14.00,2),
(154,68,3.50,3),
(154,5,6.50,4),
(154,22,5.00,1),
(155,56,11.00,4),
(155,73,11.00,1),
(155,10,8.00,2),
(155,27,29.00,3),
(155,44,24.00,2),
(156,61,21.00,2),
(156,78,12.00,3),
(156,15,17.50,1),
(157,66,5.75,4),
(157,3,16.00,2),
(157,20,6.00,2),
(157,37,45.00,3),
(158,71,14.50,2),
(158,8,2.00,3),
(158,25,3.00,4),
(158,42,11.50,1),
(158,59,16.00,2),
(159,76,31.00,2),
(159,13,18.00,2),
(159,30,42.00,1),
(160,1,4.00,2),
(160,18,32.00,2),
(160,35,12.50,4),
(160,52,13.50,1);

-- Ajusta el inventario restando las unidades vendidas.
UPDATE producto p
SET unidades_disponibles = GREATEST(0, p.unidades_disponibles - sub.total_vendido)
FROM (
    SELECT id_producto, SUM(cantidad) AS total_vendido
    FROM detalle_venta
    GROUP BY id_producto
) sub
WHERE p.id_producto = sub.id_producto;

-- Sincroniza secuencias después de insertar IDs explícitos.
SELECT setval(pg_get_serial_sequence('proveedor', 'id_proveedor'), (SELECT MAX(id_proveedor) FROM proveedor));
SELECT setval(pg_get_serial_sequence('categoria', 'id_categoria'), (SELECT MAX(id_categoria) FROM categoria));
SELECT setval(pg_get_serial_sequence('producto', 'id_producto'), (SELECT MAX(id_producto) FROM producto));
SELECT setval(pg_get_serial_sequence('empleado', 'id_empleado'), (SELECT MAX(id_empleado) FROM empleado));
SELECT setval(pg_get_serial_sequence('cliente', 'id_cliente'), (SELECT MAX(id_cliente) FROM cliente));
SELECT setval(pg_get_serial_sequence('venta', 'id_venta'), (SELECT MAX(id_venta) FROM venta));

COMMIT;
