-- PROVEEDOR
INSERT INTO proveedor (id_proveedor, nombre, email) VALUES
(1,'Distribuidora La Económica','ventas@laeconomica.com'),
(2,'Alimentos del Valle','contacto@alimentosvalle.com'),
(3,'Bebidas Chapinas','pedidos@bebidaschapinas.com'),
(4,'Lácteos San José','info@lacteossanjose.com'),
(5,'Panadería Central','ventas@panaderiacentral.com'),
(6,'Granos de Guatemala','contacto@granosgt.com'),
(7,'Limpieza Total','ventas@limpiezatotal.com'),
(8,'Dulces Maya','pedidos@dulcesmaya.com'),
(9,'Carnes Premium','ventas@carnespremium.com'),
(10,'Verduras Frescas','contacto@verdurasfrescas.com'),
(11,'Frutas del Sur','ventas@frutasdelsur.com'),
(12,'Importadora Global','info@importglobal.com'),
(13,'Abarrotes El Punto','ventas@abarroteselpunto.com'),
(14,'Café Antigua','contacto@cafeantigua.com'),
(15,'Higiene Hogar','ventas@higienehogar.com'),
(16,'Snacks Express','pedidos@snacksexpress.com'),
(17,'Congelados Norte','ventas@congeladosnorte.com'),
(18,'Huevos La Granja','info@huevoslagranja.com'),
(19,'Pastas Roma','ventas@pastasroma.com'),
(20,'Salsas Don Pepe','contacto@salsasdonpepe.com'),
(21,'Tortillería El Maíz','ventas@elmaiz.com'),
(22,'Mascotas Feliz','pedidos@mascotasfeliz.com'),
(23,'Farmacia Básica','ventas@farmaciabasica.com'),
(24,'Refrescos Tropicales','contacto@refrescostropicales.com'),
(25,'Tienda Mayorista Uno','ventas@mayoristauno.com');

-- CATEGORIA
INSERT INTO categoria (id_categoria, nombre) VALUES
(1,'Bebidas'),
(2,'Lácteos'),
(3,'Panadería'),
(4,'Granos'),
(5,'Limpieza'),
(6,'Dulces'),
(7,'Carnes'),
(8,'Verduras'),
(9,'Frutas'),
(10,'Abarrotes'),
(11,'Café'),
(12,'Higiene'),
(13,'Snacks'),
(14,'Congelados'),
(15,'Huevos'),
(16,'Pastas'),
(17,'Salsas'),
(18,'Tortillas'),
(19,'Mascotas'),
(20,'Farmacia'),
(21,'Enlatados'),
(22,'Condimentos'),
(23,'Cereales'),
(24,'Harinas'),
(25,'Aceites');

-- PRODUCTO
INSERT INTO producto (id_producto, id_proveedor, nombre, unidades_disponibles, precio_venta, precio_compra, id_categoria) VALUES
(1,3,'Agua pura 600ml',120,4.00,2.50,1),
(2,3,'Gaseosa cola 600ml',90,7.50,5.00,1),
(3,4,'Leche entera 1L',60,12.00,8.50,2),
(4,4,'Yogurt fresa 250ml',45,6.50,4.25,2),
(5,5,'Pan francés unidad',200,1.00,0.55,3),
(6,5,'Pan dulce unidad',150,2.00,1.20,3),
(7,6,'Arroz blanco 1lb',80,8.00,5.75,4),
(8,6,'Frijol negro 1lb',70,9.50,6.80,4),
(9,7,'Detergente 500g',50,18.00,12.00,5),
(10,7,'Cloro 1L',40,10.00,6.25,5),
(11,8,'Chocolate pequeño',100,3.50,2.00,6),
(12,8,'Dulces surtidos bolsa',85,10.00,6.50,6),
(13,9,'Carne molida 1lb',35,32.00,24.00,7),
(14,10,'Tomate libra',55,6.00,3.75,8),
(15,11,'Manzana unidad',75,4.50,2.80,9),
(16,14,'Café molido 400g',30,38.00,28.00,11),
(17,15,'Papel higiénico 4 rollos',65,22.00,15.50,12),
(18,16,'Papas fritas bolsa',95,8.50,5.50,13),
(19,17,'Pizza congelada',25,45.00,33.00,14),
(20,18,'Cartón de huevos',40,36.00,27.00,15),
(21,19,'Pasta spaghetti 400g',70,11.00,7.00,16),
(22,20,'Salsa de tomate 400g',65,9.00,5.75,17),
(23,21,'Tortillas paquete',90,7.00,4.50,18),
(24,22,'Comida para perro 2kg',20,55.00,40.00,19),
(25,23,'Alcohol gel 250ml',45,16.00,10.50,20);

-- EMPLEADO
INSERT INTO empleado (id_empleado, nombre) VALUES
(1,'Carlos Méndez'),
(2,'Ana López'),
(3,'Luis García'),
(4,'María Pérez'),
(5,'José Ramírez'),
(6,'Andrea Castillo'),
(7,'Pablo Herrera'),
(8,'Sofía Morales'),
(9,'Diego Torres'),
(10,'Valeria Ruiz'),
(11,'Fernando Díaz'),
(12,'Gabriela Soto'),
(13,'Javier Molina'),
(14,'Camila Estrada'),
(15,'Ricardo Fuentes'),
(16,'Paola León'),
(17,'Manuel Cifuentes'),
(18,'Lucía Barrios'),
(19,'Oscar Aguilar'),
(20,'Daniela Reyes'),
(21,'Hugo Chacón'),
(22,'Natalia Gómez'),
(23,'Emilio Vargas'),
(24,'Laura Monzón'),
(25,'Kevin Pineda');

-- CLIENTE
INSERT INTO cliente (id_cliente, nombre, email) VALUES
(1,'Juan Pérez','juan.perez@email.com'),
(2,'María González','maria.gonzalez@email.com'),
(3,'Luis Martínez','luis.martinez@email.com'),
(4,'Ana Rodríguez','ana.rodriguez@email.com'),
(5,'Pedro Ramírez','pedro.ramirez@email.com'),
(6,'Sofía Hernández','sofia.hernandez@email.com'),
(7,'Carlos López','carlos.lopez@email.com'),
(8,'Valeria Castillo','valeria.castillo@email.com'),
(9,'Jorge Morales','jorge.morales@email.com'),
(10,'Camila Torres','camila.torres@email.com'),
(11,'Diego Ruiz','diego.ruiz@email.com'),
(12,'Lucía Gómez','lucia.gomez@email.com'),
(13,'Fernando Soto','fernando.soto@email.com'),
(14,'Gabriela Díaz','gabriela.diaz@email.com'),
(15,'Ricardo Herrera','ricardo.herrera@email.com'),
(16,'Paola Estrada','paola.estrada@email.com'),
(17,'Manuel Vargas','manuel.vargas@email.com'),
(18,'Natalia Reyes','natalia.reyes@email.com'),
(19,'Oscar Fuentes','oscar.fuentes@email.com'),
(20,'Daniela Molina','daniela.molina@email.com'),
(21,'Hugo León','hugo.leon@email.com'),
(22,'Andrea Barrios','andrea.barrios@email.com'),
(23,'Emilio Chacón','emilio.chacon@email.com'),
(24,'Laura Aguilar','laura.aguilar@email.com'),
(25,'Kevin Monzón','kevin.monzon@email.com');

-- VENTA
INSERT INTO venta (id_venta, id_empleado, id_cliente, fecha, total) VALUES
(1,1,1,'2026-04-01',23.00),
(2,2,2,'2026-04-01',19.50),
(3,3,3,'2026-04-02',36.00),
(4,4,4,'2026-04-02',15.00),
(5,5,5,'2026-04-03',50.00),
(6,6,6,'2026-04-03',22.00),
(7,7,7,'2026-04-04',41.50),
(8,8,8,'2026-04-04',18.00),
(9,9,9,'2026-04-05',64.00),
(10,10,10,'2026-04-05',25.50),
(11,11,11,'2026-04-06',31.00),
(12,12,12,'2026-04-06',45.00),
(13,13,13,'2026-04-07',72.00),
(14,14,14,'2026-04-07',14.00),
(15,15,15,'2026-04-08',39.00),
(16,16,16,'2026-04-08',58.00),
(17,17,17,'2026-04-09',21.50),
(18,18,18,'2026-04-09',30.00),
(19,19,19,'2026-04-10',46.00),
(20,20,20,'2026-04-10',16.00),
(21,21,21,'2026-04-11',55.00),
(22,22,22,'2026-04-11',29.00),
(23,23,23,'2026-04-12',62.00),
(24,24,24,'2026-04-12',33.00),
(25,25,25,'2026-04-13',27.00);

-- DETALLE_VENTA
INSERT INTO detalle_venta (id_venta, id_producto, precio_unitario, cantidad) VALUES
(1,1,4.00,2),
(1,5,1.00,5),
(1,7,8.00,1),
(1,2,7.50,1),
(2,3,12.00,1),
(2,5,1.00,3),
(2,11,3.50,1),
(2,1,4.00,1),
(3,20,36.00,1),
(4,14,6.00,1),
(4,15,4.50,2),
(5,13,32.00,1),
(5,9,18.00,1),
(6,17,22.00,1),
(7,18,8.50,3),
(7,16,38.00,1),
(8,10,10.00,1),
(8,5,1.00,8),
(9,13,32.00,2),
(10,21,11.00,1),
(10,22,9.00,1),
(10,1,4.00,1),
(10,5,1.00,1),
(10,11,3.50,1),
(11,7,8.00,2),
(11,8,9.50,1),
(11,5,1.00,5),
(12,19,45.00,1),
(13,24,55.00,1),
(13,17,22.00,1),
(14,23,7.00,2),
(15,16,38.00,1),
(15,5,1.00,1),
(16,20,36.00,1),
(16,17,22.00,1),
(17,18,8.50,2),
(17,1,4.00,1),
(17,11,3.50,1),
(18,12,10.00,3),
(19,25,16.00,1),
(19,10,10.00,1),
(19,17,22.00,1),
(20,1,4.00,4),
(21,24,55.00,1),
(22,21,11.00,1),
(22,22,9.00,2),
(23,13,32.00,1),
(23,20,36.00,1),
(24,7,8.00,3),
(24,8,9.50,1),
(25,25,16.00,1),
(25,11,3.50,2),
(25,1,4.00,1);